,Sr. No,Symbol,Name,Industry,Equity Capital (In Rs.),Free Float Market Capitalisation (Rs. Crores),Weightage (),Beta,R2,Volatility_Per,Monthly Return,Avg_Impact_Cost_percent,report_date,12,13
200,1,ABB,Electrical Equipment,"423,816,750",16344,0.62,0.82,0.48,3.84,-4.02,0.12,,2008-07-01,,
201,2,ACC,Cement & Cement Products,"1,876,511,140",10948,0.42,0.73,0.36,3.43,11.02,0.1,,2008-07-01,,
202,3,AMBUJACEM,Cement & Cement Products,"3,045,095,596",12401,0.47,0.48,0.25,2.52,7.24,0.15,,2008-07-01,,
203,4,BHARTIARTL,Telecommunication - Services,"18,980,208,040",151595,5.79,0.79,0.37,3.17,10.74,0.09,,2008-07-01,,
204,5,BHEL,Electrical Equipment,"4,895,200,000",82337,3.15,1.09,0.53,4.5,21.93,0.08,,2008-07-01,,
205,6,BPCL,Refineries,"3,615,421,240",11855,0.45,0.79,0.24,4.22,46.51,0.13,,2008-07-01,,
206,7,CAIRN,Oil Exploration,"18,944,297,380",45807,1.75,0.79,0.27,2.72,-11.98,0.09,,2008-07-01,,
207,8,CIPLA,Pharmaceuticals,"1,554,582,714",17015,0.65,0.48,0.23,2.35,3.72,0.08,,2008-07-01,,
208,9,DLF,Construction,"3,409,665,360",87202,3.33,1.4,0.59,6.09,29.04,0.09,,2008-07-01,,
209,10,DRREDDY,Pharmaceuticals,"841,020,430",9573,0.37,0.42,0.18,2.49,-15.03,0.09,,2008-07-01,,
210,11,GAIL,Gas,"8,456,516,000",31763,1.21,0.96,0.45,3.36,12.74,0.13,,2008-07-01,,
211,12,GRASIM,Cement & Cement Products,"916,742,280",16567,0.63,0.71,0.49,2.25,-2.31,0.11,,2008-07-01,,
212,13,HCLTECH,Computers - Software,"1,332,680,544",13350,0.51,0.82,0.32,3.42,-20.67,0.13,,2008-07-01,,
213,14,HDFC,Finance - Housing,"2,842,102,400",64725,2.47,1.06,0.48,5.86,15.9,0.1,,2008-07-01,,
214,15,HDFCBANK,Banks,"4,248,331,760",46653,1.78,1.07,0.55,5.35,9.01,0.1,,2008-07-01,,
215,16,HEROHONDA,Automohiles - 2 and 3 wheelers,"399,375,000",16052,0.61,0.46,0.18,2.91,16.11,0.12,,2008-07-01,,
216,17,HINDALCO,Aluminium,"1,227,185,338",17346,0.66,1.17,0.5,3.34,-0.67,0.12,,2008-07-01,,
217,18,HINDUNILVR,Diversified,"2,178,340,996",52204,1.99,0.53,0.25,2.1,15.69,0.09,,2008-07-01,,
218,19,ICICIBANK,Banks,"11,125,152,400",70901,2.71,1.28,0.62,6.08,1.13,0.09,,2008-07-01,,
219,20,IDEA,Telecommunication - Services,"26,353,605,390",23204,0.89,0.81,0.35,3.8,-5.73,0.11,,2008-07-01,,
220,21,INFOSYSTCH,Computers - Software,"2,861,715,880",90628,3.46,0.66,0.3,3.36,-8.83,0.07,,2008-07-01,,
221,22,ITC,Cigarettes,"3,768,610,050",70398,2.69,0.71,0.36,3.41,-0.53,0.1,,2008-07-01,,
222,23,LT,Engineering,"584,811,524",76188,2.91,1.08,0.56,4.41,19.26,0.07,,2008-07-01,,
223,24,M&M,Automobile - 4 wheelers,"2,457,418,130",12846,0.49,0.74,0.38,3.18,7.0,0.14,,2008-07-01,,
224,25,MARUTI,Automobile - 4 wheelers,"1,444,550,300",16631,0.64,0.7,0.32,4.2,-6.63,0.1,,2008-07-01,,
225,26,NATIONALUM,Aluminium,"6,443,096,280",27361,1.05,0.75,0.17,4.39,20.91,0.15,,2008-07-01,,
226,27,NTPC,Power,"82,454,644,000",140461,5.37,1.11,0.58,2.99,12.15,0.1,,2008-07-01,,
227,28,ONGC,Oil Exploration,"21,388,725,300",213085,8.14,1.01,0.56,3.01,22.23,0.1,,2008-07-01,,
228,29,PNB,Banks,"3,153,025,000",14244,0.54,1.03,0.52,4.3,21.03,0.12,,2008-07-01,,
229,30,POWERGRID,Power,"42,088,412,300",39879,1.52,1.15,0.53,4.0,20.7,0.12,,2008-07-01,,
230,31,RANBAXY,Pharmaceuticals,"1,870,348,940",18629,0.71,0.57,0.2,5.66,-4.79,0.08,,2008-07-01,,
231,32,RCOM,Telecommunication - Services,"10,320,134,405",103336,3.95,1.22,0.62,5.2,13.06,0.1,,2008-07-01,,
232,33,RELINFRA,Power,"2,319,702,620",22387,0.86,1.82,0.64,6.03,23.17,0.09,,2008-07-01,,
233,34,RELIANCE,Refineries,"14,536,486,010",320893,12.26,1.1,0.74,3.51,5.36,0.07,,2008-07-01,,
234,35,RPL,Refineries,"45,000,000,000",74138,2.83,1.26,0.5,3.22,-3.4,0.08,,2008-07-01,,
235,36,SAIL,Steel & Steel Products,"41,304,005,450",58094,2.22,1.38,0.62,4.5,0.82,0.12,,2008-07-01,,
236,37,SATYAMCOMP,Computers - Software,"1,345,482,214",25648,0.98,0.63,0.24,4.03,-12.73,0.08,,2008-07-01,,
237,38,SBIN,Banks,"6,348,802,220",89978,3.44,1.04,0.58,4.45,27.5,0.1,,2008-07-01,,
238,39,SIEMENS,Electrical Equipment,"674,320,400",18465,0.71,0.99,0.45,5.16,41.82,0.13,,2008-07-01,,
239,40,STER,Metals,"1,416,971,700",44929,1.72,1.11,0.46,3.85,-9.12,0.1,,2008-07-01,,
240,41,SUNPHARMA,Pharmaceuticals,"1,035,581,955",29224,1.12,0.36,0.11,2.16,0.72,0.09,,2008-07-01,,
241,42,SUZLON,Electrical Equipment,"2,996,500,800",33426,1.28,1.11,0.41,4.26,3.31,0.11,,2008-07-01,,
242,43,TATACOMM,Telecommunication - Services,"2,850,000,000",12844,0.49,1.08,0.38,4.51,20.91,0.14,,2008-07-01,,
243,44,TATAMOTORS,Automobile - 4 wheelers,"3,856,187,230",15560,0.59,0.78,0.46,3.75,-5.29,0.11,,2008-07-01,,
244,45,TATAPOWER,Power,"2,208,541,210",25568,0.98,1.26,0.42,5.17,9.53,0.1,,2008-07-01,,
245,46,TATASTEEL,Steel & Steel Products,"7,307,674,270",47873,1.83,1.1,0.5,4.74,-10.12,0.09,,2008-07-01,,
246,47,TCS,Computers - Software,"978,610,498",81592,3.12,0.75,0.38,3.75,-2.85,0.1,,2008-07-01,,
247,48,UNITECH,Construction,"3,246,750,000",26607,1.02,1.56,0.58,5.3,-4.38,0.11,,2008-07-01,,
248,49,WIPRO,Computers - Software,"2,924,126,844",60734,2.32,0.75,0.35,3.44,-5.58,0.13,,2008-07-01,,
249,50,ZEEL,Media & Entertainment,"434,007,111",8415,0.32,0.66,0.28,3.34,-3.05,0.12,,2008-07-01,,
250,1,ABB,Electrical Equipment,"423,816,750",23732,0.8,0.86,0.48,3.14,-25.94,0.15,,2008-01-01,,
251,2,ACC,Cement & Cement Products,"1,876,243,140",14411,0.49,0.89,0.36,3.73,-25.05,0.17,,2008-01-01,,
252,3,BAJAJAUTO,Automobiles - 2 and 3 wheelers,"1,011,835,100",23870,0.8,0.64,0.25,4.75,-10.23,0.17,,2008-01-01,,
253,4,BHARTIARTL,Telecommunication - Services,"18,978,832,460",163000,5.49,0.89,0.42,3.08,-13.8,0.15,,2008-01-01,,
254,5,BHEL,Electrical Equipment,"4,895,200,000",100856,3.4,1.1,0.58,3.34,-20.44,0.11,,2008-01-01,,
255,6,BPCL,Refineries,"3,615,421,240",13072,0.44,0.6,0.15,3.75,-30.96,0.21,,2008-01-01,,
256,7,CIPLA,Pharmaceuticals,"1,554,582,714",14710,0.5,0.63,0.26,3.26,-11.0,0.18,,2008-01-01,,
257,8,NTPC,Power,"82,454,644,000",161652,5.45,1.07,0.48,6.08,-21.86,0.17,,2008-01-01,,
258,9,DRREDDY,Pharmaceuticals,"840,678,260",8899,0.3,0.47,0.24,3.4,-27.73,0.15,,2008-01-01,,
259,10,GAIL,Gas,"8,456,516,000",34448,1.16,0.91,0.32,4.58,-25.06,0.21,,2008-01-01,,
260,11,GLAXO,Pharmaceuticals,"847,030,170",6928,0.23,0.47,0.18,2.92,-20.37,0.18,,2008-01-01,,
261,12,GRASIM,Cement & Cement Products,"916,742,100",27058,0.91,0.82,0.48,3.38,-19.41,0.16,,2008-01-01,,
262,13,AMBUJACEM,Cement & Cement Products,"3,043,782,964",18377,0.62,0.46,0.17,2.25,-17.89,0.21,,2008-01-01,,
263,14,HCLTECH,Computers - Software,"1,328,562,184",16052,0.54,0.76,0.32,3.79,-26.69,0.25,,2008-01-01,,
264,15,HDFC,Finance - Housing,"2,831,772,820",80397,2.71,0.79,0.35,2.88,-1.34,0.14,,2008-01-01,,
265,16,HDFCBANK,Banks,"3,542,394,200",55600,1.87,0.99,0.5,3.51,-9.23,0.13,,2008-01-01,,
266,17,HEROHONDA,Automohiles - 2 and 3 wheelers,"399,375,000",13830,0.47,0.46,0.17,3.59,-0.54,0.19,,2008-01-01,,
267,18,HINDALCO,Aluminium,"1,227,184,962",20120,0.68,1.1,0.44,5.66,-23.69,0.21,,2008-01-01,,
268,19,HINDUNILVR,Diversified,"2,177,463,355",45455,1.53,0.63,0.27,4.01,-2.32,0.18,,2008-01-01,,
269,20,CAIRN,Oil Exploration,"17,783,994,200",34599,1.17,0.87,0.38,4.5,-24.37,0.2,,2008-01-01,,
270,21,ICICIBANK,Banks,"11,088,831,770",127189,4.29,1.04,0.5,4.5,-7.4,0.13,,2008-01-01,,
271,22,INFOSYSTCH,Computers - Software,"2,857,980,305",85685,2.89,0.6,0.29,2.72,-15.3,0.09,,2008-01-01,,
272,23,UNITECH,Construction,"3,246,750,000",62265,2.1,1.38,0.38,7.1,-21.6,0.17,,2008-01-01,,
273,24,ITC,Cigarettes,"3,766,636,600",73657,2.48,0.65,0.27,3.94,-6.64,0.16,,2008-01-01,,
274,25,RPL,Refineries,"45,000,000,000",71460,2.41,1.19,0.4,6.84,-28.92,0.14,,2008-01-01,,
275,26,LT,Engineering,"583,655,258",106425,3.59,1.07,0.53,3.51,-12.49,0.11,,2008-01-01,,
276,27,MARUTI,Automobile - 4 wheelers,"1,444,550,300",24563,0.83,0.83,0.44,2.62,-14.51,0.18,,2008-01-01,,
277,28,M&M,Automobile - 4 wheelers,"2,457,418,130",16338,0.55,0.89,0.45,3.68,-22.87,0.2,,2008-01-01,,
278,29,IDEA,Telecommunication - Services,"26,353,605,390",32534,1.1,0.79,0.28,4.25,-11.25,0.18,,2008-01-01,,
279,30,NATIONALUM,Aluminium,"6,443,096,280",28250,0.95,0.74,0.17,4.95,-9.59,0.31,,2008-01-01,,
280,31,ONGC,Oil Exploration,"21,388,725,300",211652,7.13,1.1,0.61,4.43,-20.0,0.16,,2008-01-01,,
281,32,STER,Metals,"1,416,971,700",52857,1.78,1.27,0.49,4.01,-27.9,0.19,,2008-01-01,,
282,33,PNB,Banks,"3,153,025,000",20380,0.69,1.1,0.5,4.69,-2.73,0.18,,2008-01-01,,
283,34,RANBAXY,Pharmaceuticals,"1,865,768,295",12989,0.44,0.65,0.29,3.13,-18.19,0.13,,2008-01-01,,
284,35,REL,Power,"2,365,033,050",46783,1.58,1.51,0.49,7.34,-7.37,0.16,,2008-01-01,,
285,36,RELIANCE,Refineries,"14,536,486,010",360345,12.15,1.09,0.76,4.06,-14.01,0.1,,2008-01-01,,
286,37,SAIL,Steel & Steel Products,"41,304,005,450",88721,2.99,1.52,0.64,5.93,-24.51,0.2,,2008-01-01,,
287,38,SATYAMCOMP,Computers - Software,"1,339,341,126",26298,0.89,0.67,0.26,3.1,-13.12,0.14,,2008-01-01,,
288,39,SBIN,Banks,"6,315,586,540",136881,4.61,1.01,0.5,2.99,-8.59,0.12,,2008-01-01,,
289,40,SIEMENS,Electrical Equipment,"337,160,200",28190,0.95,0.9,0.4,3.15,-11.54,0.17,,2008-01-01,,
290,41,SUNPHARMA,Pharmaceuticals,"1,007,233,075",22820,0.77,0.47,0.16,3.94,-5.89,0.2,,2008-01-01,,
291,42,SUZLON,Electrical Equipment,"2,993,864,800",46240,1.56,1.05,0.3,4.86,-15.61,0.18,,2008-01-01,,
292,43,TATAPOWER,Power,"2,180,840,100",27870,0.94,1.19,0.36,6.2,-13.07,0.14,,2008-01-01,,
293,44,RCOM,Telecommunication - Services,"10,319,995,935",123623,4.17,1.19,0.67,4.5,-19.75,0.15,,2008-01-01,,
294,45,TATAMOTORS,Automobile - 4 wheelers,"3,855,039,540",26964,0.91,0.83,0.48,3.02,-5.72,0.15,,2008-01-01,,
295,46,TCS,Computers - Software,"978,610,498",85506,2.88,0.73,0.42,3.46,-18.9,0.14,,2008-01-01,,
296,47,TATASTEEL,Steel & Steel Products,"7,307,674,270",53974,1.82,1.1,0.5,3.48,-21.04,0.14,,2008-01-01,,
297,48,VSNL,Telecommunication - Services,"2,850,000,000",14816,0.5,1.11,0.38,4.44,-32.0,0.19,,2008-01-01,,
298,49,WIPRO,Computers - Software,"2,921,304,188",61749,2.08,0.72,0.35,2.57,-19.58,0.22,,2008-01-01,,
299,50,ZEEL,Media & Entertainment,"433,566,765",12335,0.42,0.98,0.3,3.53,-13.01,0.17,,2008-01-01,,
350,1,ABB,Electrical Equipment,"423,816,750",25004,0.88,0.83,0.48,3.41,2.13,0.11,,2008-03-01,,
351,2,ACC,Cement & Cement Products,"1,876,348,930",15501,0.54,0.79,0.34,2.92,3.79,0.07,,2008-03-01,,
352,3,AMBUJACEM,Cement & Cement Products,"3,044,750,844",18428,0.65,0.37,0.18,1.79,0.08,0.12,,2008-03-01,,
353,4,BHARTIARTL,Telecommunication - Services,"18,979,074,460",156815,5.5,0.78,0.37,3.31,0.0,0.09,,2008-03-01,,
354,5,BHEL,Electrical Equipment,"4,895,200,000",100907,3.54,1.1,0.58,4.11,-9.86,0.09,,2008-03-01,,
355,6,BPCL,Refineries,"3,615,421,240",14771,0.52,0.71,0.2,3.85,-12.1,0.11,,2008-03-01,,
356,7,CAIRN,Oil Exploration,"17,791,916,600",39872,1.4,0.95,0.41,5.58,-1.97,0.11,,2008-03-01,,
357,8,CIPLA,Pharmaceuticals,"1,554,582,714",17100,0.6,0.53,0.21,2.63,6.23,0.09,,2008-03-01,,
358,9,DLF,Construction,"3,409,665,360",110090,3.86,1.29,0.55,7.16,-17.24,0.09,,2008-03-01,,
359,10,DRREDDY,Pharmaceuticals,"840,863,730",9943,0.35,0.44,0.23,2.25,1.29,0.11,,2008-03-01,,
360,11,GAIL,Gas,"8,456,516,000",35978,1.26,0.94,0.38,3.13,0.48,0.09,,2008-03-01,,
361,12,GRASIM,Cement & Cement Products,"916,742,100",23609,0.83,0.8,0.53,2.86,-10.62,0.1,,2008-03-01,,
362,13,HCLTECH,Computers - Software,"1,330,287,536",16845,0.59,0.87,0.37,4.62,-8.79,0.13,,2008-03-01,,
363,14,HDFC,Finance - Housing,"2,838,943,880",67560,2.37,0.9,0.4,5.31,-14.9,0.08,,2008-03-01,,
364,15,HDFCBANK,Banks,"3,544,329,200",47184,1.66,0.93,0.5,3.74,-8.62,0.09,,2008-03-01,,
365,16,HEROHONDA,Automohiles - 2 and 3 wheelers,"399,375,000",13869,0.49,0.45,0.18,2.33,-8.81,0.12,,2008-03-01,,
366,17,HINDALCO,Aluminium,"1,227,184,962",20261,0.71,1.19,0.5,5.29,-18.51,0.11,,2008-03-01,,
367,18,HINDUNILVR,Diversified,"2,177,983,566",49832,1.75,0.58,0.25,2.85,0.57,0.09,,2008-03-01,,
368,19,ICICIBANK,Banks,"11,114,088,570",85512,3.0,1.1,0.55,5.35,-29.32,0.09,,2008-03-01,,
369,20,IDEA,Telecommunication - Services,"26,353,605,390",27052,0.95,0.8,0.34,3.41,-6.64,0.14,,2008-03-01,,
370,21,INFOSYSTCH,Computers - Software,"2,859,978,790",82362,2.89,0.62,0.3,4.01,-7.0,0.08,,2008-03-01,,
371,22,ITC,Cigarettes,"3,767,279,690",77700,2.73,0.67,0.32,2.79,1.73,0.08,,2008-03-01,,
372,23,LT,Engineering,"584,342,082",88702,3.11,1.04,0.52,4.75,-13.78,0.08,,2008-03-01,,
373,24,M&M,Automobile - 4 wheelers,"2,457,418,130",17129,0.6,0.76,0.4,1.83,0.77,0.11,,2008-03-01,,
374,25,MARUTI,Automobile - 4 wheelers,"1,444,550,300",23893,0.84,0.68,0.34,2.33,-4.75,0.08,,2008-03-01,,
375,26,NATIONALUM,Aluminium,"6,443,096,280",29110,1.02,0.76,0.18,3.72,-2.66,0.15,,2008-03-01,,
376,27,NTPC,Power,"82,454,644,000",162106,5.69,1.17,0.58,3.4,-2.67,0.09,,2008-03-01,,
377,28,ONGC,Oil Exploration,"21,388,725,300",209727,7.36,1.1,0.64,3.27,-3.6,0.1,,2008-03-01,,
378,29,PNB,Banks,"3,153,025,000",16088,0.56,1.03,0.49,3.72,-15.43,0.09,,2008-03-01,,
379,30,POWERGRID,Power,"42,088,412,300",41373,1.45,1.19,0.52,4.83,-10.56,0.09,,2008-03-01,,
380,31,RANBAXY,Pharmaceuticals,"1,865,768,295",16361,0.57,0.6,0.31,2.45,-1.64,0.08,,2008-03-01,,
381,32,RCOM,Telecommunication - Services,"10,320,134,405",105214,3.69,1.18,0.66,4.05,-11.3,0.08,,2008-03-01,,
382,33,REL,Power,"2,365,302,620",29586,1.04,1.67,0.55,6.41,-20.3,0.09,,2008-03-01,,
383,34,RELIANCE,Refineries,"14,536,486,010",329368,11.56,1.12,0.77,3.5,-8.02,0.08,,2008-03-01,,
384,35,RPL,Refineries,"45,000,000,000",70290,2.47,1.32,0.48,4.28,-11.15,0.08,,2008-03-01,,
385,36,SAIL,Steel & Steel Products,"41,304,005,450",76536,2.69,1.47,0.66,4.9,-27.18,0.1,,2008-03-01,,
386,37,SATYAMCOMP,Computers - Software,"1,340,772,270",26571,0.93,0.64,0.24,3.93,-9.28,0.08,,2008-03-01,,
387,38,SBIN,Banks,"6,315,586,540",101065,3.55,0.99,0.52,3.65,-24.22,0.08,,2008-03-01,,
388,39,SIEMENS,Electrical Equipment,"674,320,400",20783,0.73,0.87,0.38,4.13,-24.56,0.11,,2008-03-01,,
389,40,STER,Metals,"1,416,971,700",50621,1.78,1.28,0.55,4.23,-14.45,0.12,,2008-03-01,,
390,41,SUNPHARMA,Pharmaceuticals,"1,035,581,955",25462,0.89,0.38,0.11,2.87,0.19,0.12,,2008-03-01,,
391,42,SUZLON,Electrical Equipment,"2,993,868,800",39489,1.39,1.09,0.34,5.8,-6.25,0.11,,2008-03-01,,
392,43,TATACOMM,Telecommunication - Services,"2,850,000,000",14619,0.51,0.98,0.34,4.26,0.16,0.12,,2008-03-01,,
393,44,TATAMOTORS,Automobile - 4 wheelers,"3,855,039,540",24005,0.84,0.77,0.46,2.8,-11.09,0.09,,2008-03-01,,
394,45,TATAPOWER,Power,"2,200,383,600",25777,0.9,1.2,0.38,4.21,-16.32,0.12,,2008-03-01,,
395,46,TATASTEEL,Steel & Steel Products,"7,307,674,270",50741,1.78,1.15,0.52,5.27,-13.4,0.08,,2008-03-01,,
396,47,TCS,Computers - Software,"978,610,498",79311,2.78,0.68,0.4,3.3,-7.63,0.1,,2008-03-01,,
397,48,UNITECH,Construction,"3,246,750,000",44838,1.57,1.55,0.49,5.79,-23.26,0.11,,2008-03-01,,
398,49,WIPRO,Computers - Software,"2,922,669,958",63144,2.22,0.69,0.35,4.39,-1.13,0.13,,2008-03-01,,
399,50,ZEEL,Media & Entertainment,"433,566,765",10668,0.37,0.78,0.3,3.06,1.61,0.12,,2008-03-01,,
450,1,ABB,Electrical Equipment,"423,816,750",18562,0.7,0.79,0.45,1.87,13.57,0.08,,2008-08-01,,
451,2,ACC,Cement & Cement Products,"1,876,514,780",10553,0.4,0.73,0.35,2.57,-3.61,0.08,,2008-08-01,,
452,3,AMBUJACEM,Cement & Cement Products,"3,045,159,096",12226,0.46,0.51,0.26,2.48,-1.41,0.11,,2008-08-01,,
453,4,BHARTIARTL,Telecommunication - Services,"18,980,592,040",158962,6.02,0.78,0.36,2.03,4.86,0.07,,2008-08-01,,
454,5,BHEL,Electrical Equipment,"4,895,200,000",83603,3.17,1.1,0.53,2.82,1.54,0.07,,2008-08-01,,
455,6,BPCL,Refineries,"3,615,421,240",10946,0.41,0.82,0.24,2.87,-7.67,0.09,,2008-08-01,,
456,7,CAIRN,Oil Exploration,"18,944,297,380",47077,1.78,0.74,0.23,2.17,2.77,0.07,,2008-08-01,,
457,8,CIPLA,Pharmaceuticals,"1,554,582,714",18659,0.71,0.47,0.23,1.7,9.66,0.07,,2008-08-01,,
458,9,DLF,Construction,"3,409,665,360",84065,3.18,1.45,0.59,3.7,-3.6,0.08,,2008-08-01,,
459,10,DRREDDY,Pharmaceuticals,"841,566,765",9748,0.37,0.43,0.18,2.2,1.76,0.07,,2008-08-01,,
460,11,GAIL,Gas,"8,456,516,000",33429,1.27,0.95,0.45,2.15,5.24,0.09,,2008-08-01,,
461,12,GRASIM,Cement & Cement Products,"916,742,280",17767,0.67,0.71,0.46,2.52,7.24,0.08,,2008-08-01,,
462,13,HCLTECH,Computers - Software,"1,332,680,544",15536,0.59,0.82,0.31,3.5,16.37,0.11,,2008-08-01,,
463,14,HDFC,Finance - Housing,"2,842,185,990",66607,2.52,1.11,0.48,3.28,2.9,0.07,,2008-08-01,,
464,15,HDFCBANK,Banks,"4,249,172,760",54249,2.06,1.1,0.55,3.33,16.26,0.06,,2008-08-01,,
465,16,HEROHONDA,Automohiles - 2 and 3 wheelers,"399,375,000",16548,0.63,0.45,0.18,1.61,3.09,0.09,,2008-08-01,,
466,17,HINDALCO,Aluminium,"1,752,329,383",21449,0.81,1.14,0.49,2.5,-4.38,0.08,,2008-08-01,,
467,18,HINDUNILVR,Diversified,"2,178,765,017",53467,2.03,0.52,0.24,1.8,2.4,0.07,,2008-08-01,,
468,19,ICICIBANK,Banks,"11,126,034,800",74756,2.83,1.31,0.61,3.81,5.43,0.07,,2008-08-01,,
469,20,IDEA,Telecommunication - Services,"26,353,605,390",21715,0.82,0.79,0.32,1.85,-6.42,0.09,,2008-08-01,,
470,21,INFOSYSTCH,Computers - Software,"2,861,715,880",100109,3.79,0.65,0.29,1.93,10.46,0.06,,2008-08-01,,
471,22,ITC,Cigarettes,"3,768,996,710",71121,2.69,0.7,0.36,1.3,1.02,0.08,,2008-08-01,,
472,23,LT,Engineering,"585,029,668",75871,2.87,1.09,0.56,2.22,-0.45,0.05,,2008-08-01,,
473,24,M&M,Automobile - 4 wheelers,"2,457,418,130",14220,0.54,0.73,0.37,2.16,10.69,0.11,,2008-08-01,,
474,25,MARUTI,Automobile - 4 wheelers,"1,444,550,300",18768,0.71,0.71,0.31,3.36,12.85,0.07,,2008-08-01,,
475,26,NATIONALUM,Aluminium,"6,443,096,280",24935,0.94,0.78,0.18,2.76,-8.87,0.1,,2008-08-01,,
476,27,NTPC,Power,"82,454,644,000",144213,5.46,1.12,0.59,2.15,2.67,0.09,,2008-08-01,,
477,28,ONGC,Oil Exploration,"21,388,725,300",218860,8.29,0.99,0.55,1.93,2.71,0.08,,2008-08-01,,
478,29,PNB,Banks,"3,153,025,000",15157,0.57,1.08,0.52,3.17,6.41,0.08,,2008-08-01,,
479,30,POWERGRID,Power,"42,088,412,300",39184,1.48,1.14,0.53,1.99,-1.74,0.1,,2008-08-01,,
480,31,RANBAXY,Pharmaceuticals,"1,870,348,940",19407,0.74,0.53,0.18,1.46,4.18,0.06,,2008-08-01,,
481,32,RCOM,Telecommunication - Services,"10,320,134,405",81570,3.09,1.19,0.56,2.48,-21.06,0.06,,2008-08-01,,
482,33,RELINFRA,Power,"2,308,702,620",22897,0.87,1.86,0.64,3.76,2.76,0.07,,2008-08-01,,
483,34,RELIANCE,Refineries,"14,537,134,490",310542,11.77,1.1,0.74,1.96,-3.23,0.06,,2008-08-01,,
484,35,RPL,Refineries,"45,000,000,000",70740,2.68,1.26,0.49,1.85,-4.58,0.07,,2008-08-01,,
485,36,SAIL,Steel & Steel Products,"41,304,005,450",64476,2.44,1.38,0.61,2.64,10.98,0.09,,2008-08-01,,
486,37,SATYAMCOMP,Computers - Software,"1,346,314,234",28252,1.07,0.62,0.24,1.97,10.09,0.06,,2008-08-01,,
487,38,SBIN,Banks,"6,348,802,220",89128,3.38,1.07,0.58,3.51,-0.95,0.07,,2008-08-01,,
488,39,SIEMENS,Electrical Equipment,"674,320,400",18478,0.7,0.97,0.44,1.91,0.07,0.09,,2008-08-01,,
489,40,STER,Metals,"1,416,971,700",44472,1.68,1.03,0.41,3.1,-1.02,0.07,,2008-08-01,,
490,41,SUNPHARMA,Pharmaceuticals,"1,035,581,955",30494,1.16,0.37,0.11,1.46,4.34,0.08,,2008-08-01,,
491,42,SUZLON,Electrical Equipment,"2,996,500,800",32669,1.24,1.08,0.4,2.47,-2.26,0.09,,2008-08-01,,
492,43,TATACOMM,Telecommunication - Services,"2,850,000,000",11815,0.45,1.07,0.37,2.62,-8.01,0.11,,2008-08-01,,
493,44,TATAMOTORS,Automobile - 4 wheelers,"3,856,569,790",16984,0.64,0.79,0.46,2.56,9.14,0.08,,2008-08-01,,
494,45,TATAPOWER,Power,"2,213,877,340",23263,0.88,1.27,0.42,1.98,-9.23,0.08,,2008-08-01,,
495,46,TATASTEEL,Steel & Steel Products,"7,307,674,270",43897,1.66,1.04,0.49,2.43,-8.3,0.06,,2008-08-01,,
496,47,TCS,Computers - Software,"978,610,498",79483,3.01,0.75,0.37,1.92,-2.58,0.08,,2008-08-01,,
497,48,UNITECH,Construction,"3,246,750,000",25812,0.98,1.61,0.61,3.57,-2.99,0.09,,2008-08-01,,
498,49,WIPRO,Computers - Software,"2,924,922,008",63237,2.4,0.77,0.35,2.0,4.09,0.1,,2008-08-01,,
499,50,ZEEL,Media & Entertainment,"434,007,111",9459,0.36,0.64,0.26,2.02,12.4,0.09,,2008-08-01,,
1700,1,ABB,Electrical Equipment,"423,816,750",9285,0.54,0.89,0.58,4.33,-19.47,0.16,,2008-11-01,,
1701,2,ACC,Cement & Cement Products,"1,876,535,900",7611,0.45,0.63,0.35,4.19,-17.85,0.14,,2008-11-01,,
1702,3,AMBUJACEM,Cement & Cement Products,"3,045,193,598",7948,0.47,0.72,0.38,5.32,-14.36,0.26,,2008-11-01,,
1703,4,BHARTIARTL,Telecommunication - Services,"18,981,384,190",127375,7.47,0.89,0.53,4.86,2.65,0.15,,2008-11-01,,
1704,5,BHEL,Electrical Equipment,"4,895,200,000",66555,3.9,1.03,0.58,4.45,5.26,0.11,,2008-11-01,,
1705,6,BPCL,Refineries,"3,615,421,240",12842,0.75,0.7,0.26,3.71,23.72,0.14,,2008-11-01,,
1706,7,CAIRN,Oil Exploration,"18,944,297,380",26835,1.57,1.03,0.41,5.15,9.81,0.19,,2008-11-01,,
1707,8,CIPLA,Pharmaceuticals,"1,554,582,714",15557,0.91,0.56,0.36,3.29,12.95,0.16,,2008-11-01,,
1708,9,DLF,Construction,"3,409,665,360",33824,1.98,1.43,0.64,7.31,-9.82,0.18,,2008-11-01,,
1709,10,RPOWER,Power,"23,968,000,000",26485,1.55,1.05,0.22,5.39,7.91,0.15,,2008-11-01,,
1710,11,GAIL,Gas,"12,684,774,000",24888,1.46,0.91,0.52,5.03,-8.6,0.16,,2008-11-01,,
1711,12,GRASIM,Cement & Cement Products,"916,742,280",8124,0.48,0.74,0.5,3.87,-13.61,0.21,,2008-11-01,,
1712,13,HCLTECH,Computers - Software,"1,338,527,344",9202,0.54,0.99,0.45,4.52,-20.47,0.23,,2008-11-01,,
1713,14,HDFC,Finance - Housing,"2,844,401,060",41797,2.45,1.17,0.59,5.12,-16.73,0.12,,2008-11-01,,
1714,15,HDFCBANK,Banks,"4,251,258,760",39228,2.3,0.99,0.58,4.4,-9.76,0.12,,2008-11-01,,
1715,16,HEROHONDA,Automohiles - 2 and 3 wheelers,"399,375,000",16048,0.94,0.4,0.18,2.76,7.81,0.11,,2008-11-01,,
1716,17,HINDALCO,Aluminium,"1,700,566,605",9005,0.53,1.25,0.58,5.25,-12.48,0.17,,2008-11-01,,
1717,18,HINDUNILVR,Diversified,"2,179,157,002",51515,3.02,0.55,0.32,2.61,6.61,0.1,,2008-11-01,,
1718,19,ICICIBANK,Banks,"11,127,997,290",39132,2.29,1.46,0.71,5.87,-11.81,0.12,,2008-11-01,,
1719,20,IDEA,Telecommunication - Services,"31,000,952,090",14524,0.85,0.98,0.44,6.29,10.11,0.22,,2008-11-01,,
1720,21,INFOSYSTCH,Computers - Software,"2,862,499,275",71210,4.17,0.71,0.41,3.64,-10.45,0.12,,2008-11-01,,
1721,22,ITC,Cigarettes,"3,770,789,240",65461,3.84,0.6,0.38,2.53,11.89,0.12,,2008-11-01,,
1722,23,LT,Engineering,"1,170,594,892",42566,2.49,1.05,0.64,4.74,-9.89,0.12,,2008-11-01,,
1723,24,M&M,Automobile - 4 wheelers,"2,585,693,650",7261,0.43,0.9,0.44,4.24,-25.02,0.2,,2008-11-01,,
1724,25,MARUTI,Automobile - 4 wheelers,"1,444,550,300",15415,0.9,0.67,0.37,3.7,-5.26,0.13,,2008-11-01,,
1725,26,NATIONALUM,Aluminium,"6,443,096,280",11182,0.66,0.93,0.28,6.91,8.95,0.25,,2008-11-01,,
1726,27,NTPC,Power,"82,454,644,000",131474,7.71,1.01,0.67,4.77,13.0,0.15,,2008-11-01,,
1727,28,ONGC,Oil Exploration,"21,388,725,300",148395,8.7,0.92,0.59,4.39,3.69,0.18,,2008-11-01,,
1728,29,PNB,Banks,"3,153,025,000",14044,0.82,0.93,0.52,4.0,5.87,0.13,,2008-11-01,,
1729,30,POWERGRID,Power,"42,088,412,300",31166,1.83,1.03,0.61,3.82,6.01,0.2,,2008-11-01,,
1730,31,RANBAXY,Pharmaceuticals,"2,101,848,765",8752,0.51,0.64,0.2,4.79,23.38,0.16,,2008-11-01,,
1731,32,RCOM,Telecommunication - Services,"10,320,134,405",40352,2.36,1.36,0.61,6.02,-11.12,0.16,,2008-11-01,,
1732,33,RELINFRA,Power,"2,308,702,620",11635,0.68,1.75,0.72,7.71,10.15,0.14,,2008-11-01,,
1733,34,RELIANCE,Refineries,"15,737,875,560",178538,10.46,1.15,0.76,5.59,-17.52,0.12,,2008-11-01,,
1734,35,RPL,Refineries,"45,000,000,000",32963,1.93,1.16,0.67,4.42,-15.17,0.15,,2008-11-01,,
1735,36,SAIL,Steel & Steel Products,"41,304,005,450",27529,1.61,1.17,0.55,6.81,-21.22,0.2,,2008-11-01,,
1736,37,SATYAMCOMP,Computers - Software,"1,347,608,692",16367,0.96,0.74,0.32,4.01,-20.27,0.14,,2008-11-01,,
1737,38,SBIN,Banks,"6,348,802,220",69110,4.05,1.01,0.61,5.22,-1.91,0.12,,2008-11-01,,
1738,39,SIEMENS,Electrical Equipment,"674,320,400",7561,0.44,0.9,0.42,6.49,-15.3,0.19,,2008-11-01,,
1739,40,STER,Metals,"1,416,971,700",16791,0.98,1.25,0.55,7.29,-16.52,0.17,,2008-11-01,,
1740,41,SUNPHARMA,Pharmaceuticals,"1,035,581,955",22413,1.31,0.3,0.08,3.54,-3.23,0.14,,2008-11-01,,
1741,42,SUZLON,Electrical Equipment,"2,996,590,800",6240,0.37,1.37,0.45,8.84,-6.19,0.17,,2008-11-01,,
1742,43,TATACOMM,Telecommunication - Services,"2,850,000,000",11239,0.66,1.0,0.38,4.31,-18.68,0.15,,2008-11-01,,
1743,44,TATAMOTORS,Automobile - 4 wheelers,"4,499,331,420",6160,0.36,0.97,0.52,6.44,-19.26,0.16,,2008-11-01,,
1744,45,TATAPOWER,Power,"2,213,877,340",14801,0.87,1.1,0.52,4.56,-3.05,0.15,,2008-11-01,,
1745,46,TATASTEEL,Steel & Steel Products,"7,307,674,270",11064,0.65,1.25,0.61,6.65,-27.82,0.15,,2008-11-01,,
1746,47,TCS,Computers - Software,"978,610,498",54743,3.21,0.88,0.46,4.24,4.07,0.16,,2008-11-01,,
1747,48,UNITECH,Construction,"3,246,750,000",3758,0.22,1.64,0.46,7.51,-52.17,0.19,,2008-11-01,,
1748,49,WIPRO,Computers - Software,"2,926,949,652",35511,2.08,0.92,0.49,4.47,-11.0,0.22,,2008-11-01,,
1749,50,ZEEL,Media & Entertainment,"434,007,111",4731,0.28,0.68,0.31,4.7,-29.17,0.17,,2008-11-01,,
1750,1,ABB,Electrical Equipment,"423,816,750",24179,0.78,0.83,0.45,2.28,-3.3,0.09,,2008-04-01,,
1751,2,ACC,Cement & Cement Products,"1,876,394,930",14235,0.46,0.76,0.31,1.88,-8.17,0.08,,2008-04-01,,
1752,3,AMBUJACEM,Cement & Cement Products,"3,044,750,844",17309,0.56,0.34,0.14,1.51,-6.07,0.1,,2008-04-01,,
1753,4,BHARTIARTL,Telecommunication - Services,"18,979,273,960",170481,5.48,0.79,0.35,3.08,8.71,0.08,,2008-04-01,,
1754,5,BHEL,Electrical Equipment,"4,895,200,000",93114,3.0,1.09,0.52,3.16,-7.72,0.07,,2008-04-01,,
1755,6,BPCL,Refineries,"3,615,421,240",14802,0.48,0.71,0.2,1.94,0.21,0.09,,2008-04-01,,
1756,7,CAIRN,Oil Exploration,"17,791,916,600",44151,1.42,0.95,0.4,2.66,10.73,0.09,,2008-04-01,,
1757,8,CIPLA,Pharmaceuticals,"1,554,582,714",16556,0.53,0.5,0.21,1.83,-3.18,0.09,,2008-04-01,,
1758,9,DLF,Construction,"3,409,665,360",120216,3.87,1.29,0.53,2.73,9.2,0.07,,2008-04-01,,
1759,10,DRREDDY,Pharmaceuticals,"840,863,730",10477,0.34,0.46,0.24,1.77,5.37,0.1,,2008-04-01,,
1760,11,GAIL,Gas,"8,456,516,000",37217,1.2,0.95,0.4,1.67,3.44,0.09,,2008-04-01,,
1761,12,GRASIM,Cement & Cement Products,"916,742,280",22046,0.71,0.78,0.49,2.03,-6.62,0.09,,2008-04-01,,
1762,13,HCLTECH,Computers - Software,"1,330,287,536",19186,0.62,0.87,0.35,3.34,13.9,0.1,,2008-04-01,,
1763,14,HDFC,Finance - Housing,"2,840,380,550",79531,2.56,0.9,0.38,3.08,17.66,0.07,,2008-04-01,,
1764,15,HDFCBANK,Banks,"3,544,329,200",54021,1.74,0.94,0.48,3.03,14.49,0.09,,2008-04-01,,
1765,16,HEROHONDA,Automohiles - 2 and 3 wheelers,"399,375,000",17005,0.55,0.43,0.15,2.1,22.61,0.09,,2008-04-01,,
1766,17,HINDALCO,Aluminium,"1,227,184,962",23789,0.77,1.23,0.5,2.52,17.41,0.09,,2008-04-01,,
1767,18,HINDUNILVR,Diversified,"2,177,983,566",54504,1.75,0.57,0.24,2.38,9.38,0.09,,2008-04-01,,
1768,19,ICICIBANK,Banks,"11,116,113,590",97777,3.15,1.12,0.55,2.77,14.32,0.08,,2008-04-01,,
1769,20,IDEA,Telecommunication - Services,"26,353,605,390",27816,0.89,0.77,0.3,2.88,2.83,0.11,,2008-04-01,,
1770,21,INFOSYSTCH,Computers - Software,"2,859,978,790",100277,3.23,0.63,0.27,2.99,21.75,0.07,,2008-04-01,,
1771,22,ITC,Cigarettes,"3,768,610,050",82872,2.67,0.67,0.31,1.97,6.62,0.07,,2008-04-01,,
1772,23,LT,Engineering,"584,654,780",87793,2.82,1.04,0.5,2.39,-1.08,0.07,,2008-04-01,,
1773,24,M&M,Automobile - 4 wheelers,"2,457,418,130",16470,0.53,0.73,0.35,2.27,-3.85,0.09,,2008-04-01,,
1774,25,MARUTI,Automobile - 4 wheelers,"1,444,550,300",21440,0.69,0.64,0.31,1.57,-10.27,0.07,,2008-04-01,,
1775,26,NATIONALUM,Aluminium,"6,443,096,280",28936,0.93,0.8,0.18,2.9,-0.6,0.12,,2008-04-01,,
1776,27,NTPC,Power,"82,454,644,000",162230,5.22,1.21,0.61,1.52,0.08,0.08,,2008-04-01,,
1777,28,ONGC,Oil Exploration,"21,388,725,300",220956,7.11,1.08,0.62,1.24,5.35,0.09,,2008-04-01,,
1778,29,PNB,Banks,"3,153,025,000",17354,0.56,1.0,0.48,1.74,7.87,0.08,,2008-04-01,,
1779,30,POWERGRID,Power,"42,088,412,300",44424,1.43,1.16,0.5,1.69,7.38,0.09,,2008-04-01,,
1780,31,RANBAXY,Pharmaceuticals,"1,866,189,350",17906,0.58,0.63,0.3,3.02,9.42,0.08,,2008-04-01,,
1781,32,RCOM,Telecommunication - Services,"10,320,134,405",119270,3.84,1.18,0.62,3.04,13.36,0.08,,2008-04-01,,
1782,33,REL,Power,"2,365,302,620",33837,1.09,1.7,0.55,2.93,14.37,0.08,,2008-04-01,,
1783,34,RELIANCE,Refineries,"14,536,486,010",380056,12.23,1.13,0.77,1.89,15.39,0.06,,2008-04-01,,
1784,35,RPL,Refineries,"45,000,000,000",90585,2.91,1.36,0.49,2.14,28.87,0.07,,2008-04-01,,
1785,36,SAIL,Steel & Steel Products,"41,304,005,450",76392,2.46,1.47,0.62,3.21,-0.19,0.08,,2008-04-01,,
1786,37,SATYAMCOMP,Computers - Software,"1,341,602,108",32376,1.04,0.64,0.24,2.98,21.77,0.08,,2008-04-01,,
1787,38,SBIN,Banks,"6,314,703,760",112064,3.6,0.98,0.52,2.09,10.9,0.07,,2008-04-01,,
1788,39,SIEMENS,Electrical Equipment,"674,320,400",19281,0.62,0.87,0.37,2.92,-7.23,0.09,,2008-04-01,,
1789,40,STER,Metals,"1,416,971,700",61128,1.97,1.26,0.53,2.29,20.76,0.09,,2008-04-01,,
1790,41,SUNPHARMA,Pharmaceuticals,"1,035,581,955",29986,0.96,0.39,0.12,2.04,17.77,0.1,,2008-04-01,,
1791,42,SUZLON,Electrical Equipment,"2,993,868,800",42992,1.38,1.07,0.32,3.03,8.87,0.07,,2008-04-01,,
1792,43,TATACOMM,Telecommunication - Services,"2,850,000,000",14209,0.46,1.02,0.34,3.19,-2.81,0.1,,2008-04-01,,
1793,44,TATAMOTORS,Automobile - 4 wheelers,"3,855,039,540",25617,0.82,0.72,0.42,1.56,6.71,0.08,,2008-04-01,,
1794,45,TATAPOWER,Power,"2,207,001,620",30809,0.99,1.23,0.38,2.53,19.16,0.09,,2008-04-01,,
1795,46,TATASTEEL,Steel & Steel Products,"7,307,674,270",59795,1.92,1.13,0.5,2.96,17.84,0.07,,2008-04-01,,
1796,47,TCS,Computers - Software,"978,610,498",90130,2.9,0.7,0.35,3.59,13.64,0.08,,2008-04-01,,
1797,48,UNITECH,Construction,"3,246,750,000",50292,1.62,1.54,0.5,2.83,12.17,0.08,,2008-04-01,,
1798,49,WIPRO,Computers - Software,"2,923,046,360",71432,2.3,0.7,0.31,3.48,13.11,0.1,,2008-04-01,,
1799,50,ZEEL,Media & Entertainment,"433,566,765",9267,0.3,0.73,0.29,2.0,-13.13,0.08,,2008-04-01,,
1800,1,ABB,Electrical Equipment,"423,816,750",16730,0.7,0.8,0.48,2.42,-9.87,0.11,,2008-09-01,,
1801,2,ACC,Cement & Cement Products,"1,876,529,900",11540,0.48,0.68,0.32,1.78,9.35,0.08,,2008-09-01,,
1802,3,AMBUJACEM,Cement & Cement Products,"3,045,159,096",11975,0.5,0.54,0.29,2.55,-2.05,0.13,,2008-09-01,,
1803,4,BHARTIARTL,Telecommunication - Services,"18,981,016,040",148973,6.19,0.78,0.38,2.71,-6.29,0.07,,2008-09-01,,
1804,5,BHEL,Electrical Equipment,"4,895,200,000",77895,3.24,1.12,0.56,3.18,-6.83,0.07,,2008-09-01,,
1805,6,BPCL,Refineries,"3,615,421,240",13025,0.54,0.77,0.22,3.64,18.99,0.11,,2008-09-01,,
1806,7,CAIRN,Oil Exploration,"18,944,297,380",40200,1.67,0.74,0.23,3.49,-14.61,0.1,,2008-09-01,,
1807,8,CIPLA,Pharmaceuticals,"1,554,582,714",17773,0.74,0.48,0.26,2.15,-4.75,0.09,,2008-09-01,,
1808,9,DLF,Construction,"3,409,665,360",60121,2.5,1.47,0.62,4.1,-28.48,0.09,,2008-09-01,,
1809,10,RPOWER,Power,"23,968,000,000",36743,1.53,1.07,0.14,2.93,-2.57,0.08,,2008-09-01,,
1810,11,GAIL,Gas,"8,456,516,000",34553,1.44,0.89,0.44,2.14,3.36,0.09,,2008-09-01,,
1811,12,GRASIM,Cement & Cement Products,"916,742,280",15473,0.64,0.71,0.46,2.36,-12.91,0.1,,2008-09-01,,
1812,13,HCLTECH,Computers - Software,"1,337,072,352",13000,0.54,0.89,0.36,4.04,-16.6,0.14,,2008-09-01,,
1813,14,HDFC,Finance - Housing,"2,842,318,250",60938,2.53,1.11,0.49,3.72,-8.52,0.08,,2008-09-01,,
1814,15,HDFCBANK,Banks,"4,250,294,760",52266,2.17,1.11,0.56,3.36,-3.68,0.08,,2008-09-01,,
1815,16,HEROHONDA,Automohiles - 2 and 3 wheelers,"399,375,000",17419,0.72,0.41,0.15,2.11,5.26,0.09,,2008-09-01,,
1816,17,HINDALCO,Aluminium,"1,752,556,837",17219,0.72,1.12,0.49,2.1,-19.73,0.09,,2008-09-01,,
1817,18,HINDUNILVR,Diversified,"2,179,157,002",54969,2.28,0.51,0.24,1.59,2.79,0.08,,2008-09-01,,
1818,19,ICICIBANK,Banks,"11,127,343,990",59592,2.48,1.37,0.62,5.43,-20.29,0.08,,2008-09-01,,
1819,20,IDEA,Telecommunication - Services,"31,000,952,090",23297,0.97,0.84,0.36,3.92,-8.8,0.11,,2008-09-01,,
1820,21,INFOSYSTCH,Computers - Software,"2,862,499,275",80038,3.33,0.69,0.32,3.1,-20.07,0.07,,2008-09-01,,
1821,22,ITC,Cigarettes,"3,770,164,610",70898,2.95,0.68,0.36,2.1,-0.34,0.09,,2008-09-01,,
1822,23,LT,Engineering,"585,029,668",71561,2.97,1.1,0.58,2.83,-5.68,0.06,,2008-09-01,,
1823,24,M&M,Automobile - 4 wheelers,"2,457,418,130",12521,0.52,0.72,0.37,2.17,-11.95,0.12,,2008-09-01,,
1824,25,MARUTI,Automobile - 4 wheelers,"1,444,550,300",19941,0.83,0.68,0.3,2.8,6.25,0.08,,2008-09-01,,
1825,26,NATIONALUM,Aluminium,"6,443,096,280",23894,0.99,0.81,0.19,4.0,-4.17,0.13,,2008-09-01,,
1826,27,NTPC,Power,"82,454,644,000",141740,5.89,1.1,0.62,2.53,-1.72,0.09,,2008-09-01,,
1827,28,ONGC,Oil Exploration,"21,388,725,300",221202,9.19,0.99,0.55,3.26,1.07,0.11,,2008-09-01,,
1828,29,PNB,Banks,"3,153,025,000",14975,0.62,1.06,0.52,3.0,-1.2,0.08,,2008-09-01,,
1829,30,POWERGRID,Power,"42,088,412,300",36112,1.5,1.14,0.55,3.21,-7.84,0.11,,2008-09-01,,
1830,31,RANBAXY,Pharmaceuticals,"1,870,348,940",9243,0.38,0.6,0.18,4.33,-52.37,0.09,,2008-09-01,,
1831,32,RCOM,Telecommunication - Services,"10,320,134,405",68846,2.86,1.18,0.56,2.79,-15.6,0.09,,2008-09-01,,
1832,33,RELINFRA,Power,"2,308,702,620",18245,0.76,1.83,0.67,4.01,-20.32,0.08,,2008-09-01,,
1833,34,RELIANCE,Refineries,"14,537,494,780",283387,11.78,1.09,0.74,2.83,-8.75,0.06,,2008-09-01,,
1834,35,RPL,Refineries,"45,000,000,000",64575,2.68,1.19,0.5,1.83,-8.72,0.07,,2008-09-01,,
1835,36,SAIL,Steel & Steel Products,"41,304,005,450",52745,2.19,1.33,0.58,3.31,-18.19,0.1,,2008-09-01,,
1836,37,SATYAMCOMP,Computers - Software,"1,346,975,936",20060,0.83,0.71,0.28,4.35,-29.03,0.08,,2008-09-01,,
1837,38,SBIN,Banks,"6,348,802,220",92905,3.86,1.05,0.56,3.27,4.24,0.07,,2008-09-01,,
1838,39,SIEMENS,Electrical Equipment,"674,320,400",13456,0.56,0.98,0.44,3.19,-27.18,0.11,,2008-09-01,,
1839,40,STER,Metals,"1,416,971,700",30376,1.26,1.06,0.41,4.95,-31.7,0.09,,2008-09-01,,
1840,41,SUNPHARMA,Pharmaceuticals,"1,035,581,955",30723,1.28,0.38,0.12,1.94,0.75,0.08,,2008-09-01,,
1841,42,SUZLON,Electrical Equipment,"2,996,500,800",22788,0.95,1.12,0.41,4.73,-30.25,0.09,,2008-09-01,,
1842,43,TATACOMM,Telecommunication - Services,"2,850,000,000",13462,0.56,1.06,0.37,3.71,13.94,0.13,,2008-09-01,,
1843,44,TATAMOTORS,Automobile - 4 wheelers,"4,499,331,420",15473,0.64,0.76,0.44,2.79,-19.27,0.08,,2008-09-01,,
1844,45,TATAPOWER,Power,"2,213,877,340",20083,0.83,1.25,0.42,3.13,-13.67,0.08,,2008-09-01,,
1845,46,TATASTEEL,Steel & Steel Products,"7,307,674,270",31215,1.3,1.03,0.49,2.9,-28.89,0.07,,2008-09-01,,
1846,47,TCS,Computers - Software,"978,610,498",65136,2.71,0.81,0.41,3.86,-18.05,0.1,,2008-09-01,,
1847,48,UNITECH,Construction,"3,246,750,000",18961,0.79,1.6,0.62,4.51,-26.54,0.1,,2008-09-01,,
1848,49,WIPRO,Computers - Software,"2,925,539,058",49720,2.07,0.78,0.37,2.98,-21.39,0.11,,2008-09-01,,
1849,50,ZEEL,Media & Entertainment,"434,007,111",8528,0.35,0.65,0.28,2.72,-9.84,0.11,,2008-09-01,,
1850,1,ABB,Electrical Equipment,"423,816,750",11530,0.65,0.89,0.56,6.22,-31.08,0.23,,2008-10-01,,
1851,2,ACC,Cement & Cement Products,"1,876,535,900",9265,0.52,0.62,0.34,4.42,-19.71,0.19,,2008-10-01,,
1852,3,AMBUJACEM,Cement & Cement Products,"3,045,159,096",9280,0.52,0.63,0.34,6.36,-22.5,0.25,,2008-10-01,,
1853,4,BHARTIARTL,Telecommunication - Services,"18,981,384,190",124091,6.95,0.83,0.46,6.09,-16.7,0.15,,2008-10-01,,
1854,5,BHEL,Electrical Equipment,"4,895,200,000",63231,3.54,1.04,0.56,6.16,-18.82,0.14,,2008-10-01,,
1855,6,BPCL,Refineries,"3,615,421,240",10380,0.58,0.69,0.22,4.53,-20.31,0.18,,2008-10-01,,
1856,7,CAIRN,Oil Exploration,"18,944,297,380",24438,1.37,1.02,0.38,9.59,-39.21,0.22,,2008-10-01,,
1857,8,CIPLA,Pharmaceuticals,"1,554,582,714",13774,0.77,0.55,0.36,4.27,-22.5,0.18,,2008-10-01,,
1858,9,DLF,Construction,"3,409,665,360",37506,2.1,1.44,0.66,8.33,-37.62,0.17,,2008-10-01,,
1859,10,RPOWER,Power,"23,968,000,000",24543,1.37,1.01,0.18,5.23,-33.2,0.16,,2008-10-01,,
1860,11,GAIL,Gas,"12,684,774,000",27228,1.52,0.89,0.49,5.47,-21.2,0.22,,2008-10-01,,
1861,12,GRASIM,Cement & Cement Products,"916,742,280",9404,0.53,0.72,0.46,5.05,-39.22,0.25,,2008-10-01,,
1862,13,HCLTECH,Computers - Software,"1,338,527,344",11572,0.65,1.0,0.45,7.09,-11.08,0.21,,2008-10-01,,
1863,14,HDFC,Finance - Housing,"2,844,401,060",50195,2.81,1.16,0.56,6.91,-17.69,0.14,,2008-10-01,,
1864,15,HDFCBANK,Banks,"4,251,104,760",43472,2.43,1.04,0.56,5.34,-16.84,0.15,,2008-10-01,,
1865,16,HEROHONDA,Automohiles - 2 and 3 wheelers,"399,375,000",14885,0.83,0.43,0.19,3.41,-14.55,0.11,,2008-10-01,,
1866,17,HINDALCO,Aluminium,"1,700,566,605",10288,0.58,1.25,0.53,9.66,-38.42,0.17,,2008-10-01,,
1867,18,HINDUNILVR,Diversified,"2,179,157,002",48323,2.71,0.56,0.32,4.5,-12.09,0.13,,2008-10-01,,
1868,19,ICICIBANK,Banks,"11,127,823,930",44372,2.48,1.48,0.69,9.47,-25.54,0.15,,2008-10-01,,
1869,20,IDEA,Telecommunication - Services,"31,000,952,090",13191,0.74,0.9,0.38,7.82,-43.38,0.22,,2008-10-01,,
1870,21,INFOSYSTCH,Computers - Software,"2,862,499,275",79517,4.45,0.73,0.4,4.59,-0.65,0.13,,2008-10-01,,
1871,22,ITC,Cigarettes,"3,770,505,400",58499,3.28,0.64,0.37,3.4,-17.5,0.15,,2008-10-01,,
1872,23,LT,Engineering,"1,170,594,892",47236,2.64,1.04,0.62,6.1,-34.02,0.15,,2008-10-01,,
1873,24,M&M,Automobile - 4 wheelers,"2,585,693,650",9683,0.54,0.91,0.44,9.42,-26.5,0.22,,2008-10-01,,
1874,25,MARUTI,Automobile - 4 wheelers,"1,444,550,300",16271,0.91,0.68,0.37,4.55,-18.4,0.15,,2008-10-01,,
1875,26,NATIONALUM,Aluminium,"6,443,096,280",10264,0.57,0.95,0.26,8.53,-57.04,0.33,,2008-10-01,,
1876,27,NTPC,Power,"82,454,644,000",116344,6.51,1.0,0.62,4.69,-17.92,0.17,,2008-10-01,,
1877,28,ONGC,Oil Exploration,"21,388,725,300",143112,8.01,0.91,0.58,4.5,-35.3,0.18,,2008-10-01,,
1878,29,PNB,Banks,"3,153,025,000",13265,0.74,0.97,0.53,4.49,-11.42,0.15,,2008-10-01,,
1879,30,POWERGRID,Power,"42,088,412,300",29399,1.65,1.07,0.59,5.26,-18.59,0.2,,2008-10-01,,
1880,31,RANBAXY,Pharmaceuticals,"1,870,558,450",6313,0.35,0.61,0.18,6.76,-31.71,0.18,,2008-10-01,,
1881,32,RCOM,Telecommunication - Services,"10,320,134,405",45398,2.54,1.34,0.59,10.56,-34.06,0.19,,2008-10-01,,
1882,33,RELINFRA,Power,"2,308,702,620",10562,0.59,1.73,0.71,9.42,-42.11,0.15,,2008-10-01,,
1883,34,RELIANCE,Refineries,"15,737,875,560",216467,12.12,1.14,0.76,7.4,-29.44,0.13,,2008-10-01,,
1884,35,RPL,Refineries,"45,000,000,000",38858,2.18,1.15,0.56,5.97,-39.83,0.15,,2008-10-01,,
1885,36,SAIL,Steel & Steel Products,"41,304,005,450",34943,1.96,1.12,0.52,6.16,-33.75,0.21,,2008-10-01,,
1886,37,SATYAMCOMP,Computers - Software,"1,347,228,156",20522,1.15,0.77,0.35,5.81,2.28,0.16,,2008-10-01,,
1887,38,SBIN,Banks,"6,348,802,220",70453,3.94,0.98,0.56,5.68,-24.17,0.13,,2008-10-01,,
1888,39,SIEMENS,Electrical Equipment,"674,320,400",8926,0.5,0.93,0.48,5.92,-33.66,0.22,,2008-10-01,,
1889,40,STER,Metals,"1,416,971,700",20114,1.13,1.21,0.5,9.36,-33.78,0.21,,2008-10-01,,
1890,41,SUNPHARMA,Pharmaceuticals,"1,035,581,955",23161,1.3,0.37,0.12,4.44,-24.61,0.18,,2008-10-01,,
1891,42,SUZLON,Electrical Equipment,"2,996,590,800",6652,0.37,1.39,0.49,11.8,-70.81,0.2,,2008-10-01,,
1892,43,TATACOMM,Telecommunication - Services,"2,850,000,000",13821,0.77,1.11,0.44,8.12,2.67,0.2,,2008-10-01,,
1893,44,TATAMOTORS,Automobile - 4 wheelers,"4,499,331,420",7629,0.43,0.89,0.49,7.18,-50.7,0.17,,2008-10-01,,
1894,45,TATAPOWER,Power,"2,213,877,340",15267,0.85,1.14,0.5,6.99,-23.98,0.18,,2008-10-01,,
1895,46,TATASTEEL,Steel & Steel Products,"7,307,674,270",15328,0.86,1.21,0.59,8.88,-50.9,0.15,,2008-10-01,,
1896,47,TCS,Computers - Software,"978,610,498",52600,2.95,0.92,0.49,6.85,-19.25,0.18,,2008-10-01,,
1897,48,UNITECH,Construction,"3,246,750,000",7857,0.44,1.74,0.5,16.63,-58.56,0.2,,2008-10-01,,
1898,49,WIPRO,Computers - Software,"2,926,006,416",39889,2.23,0.95,0.5,6.96,-19.79,0.25,,2008-10-01,,
1899,50,ZEEL,Media & Entertainment,"434,007,111",6679,0.37,0.7,0.34,6.35,-21.68,0.22,,2008-10-01,,
3250,1,ABB,Electrical Equipment,"423,816,750",24482,0.81,0.83,0.45,2.8,3.16,0.14,,2008-02-01,,
3251,2,ACC,Cement & Cement Products,"1,876,327,430",14935,0.5,0.84,0.35,2.56,3.63,0.1,,2008-02-01,,
3252,3,BAJAJAUTO,Automobiles - 2 and 3 wheelers,"1,011,835,100",23090,0.77,0.62,0.25,3.13,-3.27,0.12,,2008-02-01,,
3253,4,BHARTIARTL,Telecommunication - Services,"18,978,949,210",156814,5.2,0.87,0.44,1.98,-3.8,0.1,,2008-02-01,,
3254,5,BHEL,Electrical Equipment,"4,895,200,000",111946,3.71,1.13,0.58,4.06,11.0,0.1,,2008-02-01,,
3255,6,BPCL,Refineries,"3,615,421,240",16804,0.56,0.69,0.18,4.33,28.56,0.17,,2008-02-01,,
3256,7,CIPLA,Pharmaceuticals,"1,554,582,714",16098,0.53,0.59,0.24,2.37,9.43,0.11,,2008-02-01,,
3257,8,NTPC,Power,"82,454,644,000",166558,5.52,1.14,0.53,3.22,3.03,0.11,,2008-02-01,,
3258,9,DRREDDY,Pharmaceuticals,"840,678,260",9814,0.33,0.47,0.23,2.36,10.29,0.13,,2008-02-01,,
3259,10,GAIL,Gas,"8,456,516,000",35805,1.19,0.97,0.37,3.3,3.94,0.12,,2008-02-01,,
3260,11,GLAXO,Pharmaceuticals,"847,030,170",9412,0.31,0.44,0.16,2.09,35.85,0.18,,2008-02-01,,
3261,12,GRASIM,Cement & Cement Products,"916,742,100",26415,0.88,0.78,0.48,2.57,-2.38,0.14,,2008-02-01,,
3262,13,AMBUJACEM,Cement & Cement Products,"3,044,750,844",18413,0.61,0.4,0.15,1.99,0.17,0.16,,2008-02-01,,
3263,14,HCLTECH,Computers - Software,"1,329,317,744",18454,0.61,0.81,0.34,4.3,14.9,0.16,,2008-02-01,,
3264,15,HDFC,Finance - Housing,"2,834,646,110",79267,2.63,0.79,0.36,3.14,-1.51,0.1,,2008-02-01,,
3265,16,HDFCBANK,Banks,"3,543,405,200",51619,1.71,0.93,0.48,2.41,-7.19,0.11,,2008-02-01,,
3266,17,HEROHONDA,Automohiles - 2 and 3 wheelers,"399,375,000",15209,0.5,0.49,0.18,2.91,9.97,0.12,,2008-02-01,,
3267,18,HINDALCO,Aluminium,"1,227,184,962",24863,0.82,1.12,0.48,4.26,23.57,0.12,,2008-02-01,,
3268,19,HINDUNILVR,Diversified,"2,177,729,553",49543,1.64,0.65,0.28,3.29,8.98,0.13,,2008-02-01,,
3269,20,CAIRN,Oil Exploration,"17,783,994,200",40654,1.35,0.87,0.4,3.02,17.5,0.12,,2008-02-01,,
3270,21,ICICIBANK,Banks,"11,099,652,440",120820,4.01,1.02,0.52,2.82,-5.1,0.1,,2008-02-01,,
3271,22,INFOSYSTCH,Computers - Software,"2,859,031,160",88527,2.93,0.58,0.27,2.64,3.28,0.08,,2008-02-01,,
3272,23,UNITECH,Construction,"3,246,750,000",58425,1.94,1.45,0.42,5.98,-6.17,0.12,,2008-02-01,,
3273,24,ITC,Cigarettes,"3,767,279,690",76382,2.53,0.7,0.31,2.65,3.68,0.11,,2008-02-01,,
3274,25,RPL,Refineries,"45,000,000,000",79110,2.62,1.27,0.44,4.44,10.71,0.11,,2008-02-01,,
3275,26,LT,Engineering,"584,342,082",102881,3.41,1.04,0.55,2.85,-3.44,0.09,,2008-02-01,,
3276,27,MARUTI,Automobile - 4 wheelers,"1,444,550,300",25083,0.83,0.78,0.4,2.53,2.12,0.1,,2008-02-01,,
3277,28,M&M,Automobile - 4 wheelers,"2,457,418,130",16999,0.56,0.87,0.44,3.15,4.05,0.14,,2008-02-01,,
3278,29,IDEA,Telecommunication - Services,"26,353,605,390",28976,0.96,0.81,0.3,3.19,-10.94,0.16,,2008-02-01,,
3279,30,NATIONALUM,Aluminium,"6,443,096,280",29906,0.99,0.74,0.16,5.15,5.86,0.2,,2008-02-01,,
3280,31,ONGC,Oil Exploration,"21,388,725,300",217555,7.21,1.12,0.62,2.9,2.79,0.12,,2008-02-01,,
3281,32,STER,Metals,"1,416,971,700",59169,1.96,1.28,0.52,3.59,11.94,0.13,,2008-02-01,,
3282,33,PNB,Banks,"3,153,025,000",19024,0.63,1.05,0.49,3.31,-6.65,0.12,,2008-02-01,,
3283,34,RANBAXY,Pharmaceuticals,"1,865,768,295",16633,0.55,0.66,0.32,2.35,28.05,0.11,,2008-02-01,,
3284,35,REL,Power,"2,365,302,620",37121,1.23,1.55,0.5,5.42,-20.66,0.11,,2008-02-01,,
3285,36,RELIANCE,Refineries,"14,536,486,010",358099,11.87,1.12,0.77,3.04,-0.62,0.09,,2008-02-01,,
3286,37,SAIL,Steel & Steel Products,"41,304,005,450",105098,3.48,1.52,0.66,4.11,18.46,0.12,,2008-02-01,,
3287,38,SATYAMCOMP,Computers - Software,"1,340,181,232",29276,0.97,0.64,0.23,3.54,11.26,0.1,,2008-02-01,,
3288,39,SBIN,Banks,"6,315,586,540",133363,4.42,1.0,0.52,2.87,-2.57,0.1,,2008-02-01,,
3289,40,SIEMENS,Electrical Equipment,"674,320,400",27548,0.91,0.85,0.37,2.6,-2.28,0.11,,2008-02-01,,
3290,41,SUNPHARMA,Pharmaceuticals,"1,007,387,365",24721,0.82,0.42,0.13,2.88,8.32,0.16,,2008-02-01,,
3291,42,SUZLON,Electrical Equipment,"2,993,868,800",42124,1.4,1.06,0.34,3.59,-8.9,0.11,,2008-02-01,,
3292,43,TATAPOWER,Power,"2,189,003,580",30644,1.02,1.2,0.37,3.72,9.54,0.13,,2008-02-01,,
3293,44,RCOM,Telecommunication - Services,"10,320,134,405",118620,3.93,1.2,0.66,4.48,-4.05,0.1,,2008-02-01,,
3294,45,TATAMOTORS,Automobile - 4 wheelers,"3,855,039,540",26999,0.89,0.82,0.48,2.0,0.13,0.11,,2008-02-01,,
3295,46,TCS,Computers - Software,"978,610,498",85863,2.85,0.69,0.38,2.53,0.42,0.11,,2008-02-01,,
3296,47,TATASTEEL,Steel & Steel Products,"7,307,674,270",58589,1.94,1.11,0.52,3.13,8.55,0.09,,2008-02-01,,
3297,48,TATACOMM,Telecommunication - Services,"2,850,000,000",14596,0.48,0.99,0.32,4.64,-1.48,0.15,,2008-02-01,,
3298,49,WIPRO,Computers - Software,"2,921,895,058",63851,2.12,0.67,0.32,2.91,3.38,0.16,,2008-02-01,,
3299,50,ZEEL,Media & Entertainment,"433,566,765",10499,0.35,0.82,0.31,2.33,-14.89,0.13,,2008-02-01,,
3450,1,ABB,Electrical Equipment,"423,816,750",17029,0.7,0.83,0.48,2.39,-21.49,0.1,,2008-06-01,,
3451,2,ACC,Cement & Cement Products,"1,876,423,430",9861,0.41,0.77,0.35,2.88,-20.54,0.08,,2008-06-01,,
3452,3,AMBUJACEM,Cement & Cement Products,"3,045,045,846",11564,0.48,0.44,0.19,3.98,-20.14,0.13,,2008-06-01,,
3453,4,BHARTIARTL,Telecommunication - Services,"18,980,208,040",136895,5.62,0.79,0.35,2.53,-17.66,0.09,,2008-06-01,,
3454,5,BHEL,Electrical Equipment,"4,895,200,000",67527,2.77,1.07,0.5,3.13,-17.05,0.08,,2008-06-01,,
3455,6,BPCL,Refineries,"3,615,421,240",8091,0.33,0.74,0.21,3.85,-37.29,0.12,,2008-06-01,,
3456,7,CAIRN,Oil Exploration,"18,944,297,380",52040,2.14,0.9,0.31,3.56,-4.1,0.09,,2008-06-01,,
3457,8,CIPLA,Pharmaceuticals,"1,554,582,714",16405,0.67,0.49,0.22,2.06,-0.5,0.1,,2008-06-01,,
3458,9,DLF,Construction,"3,409,665,360",67580,2.78,1.31,0.55,3.71,-32.45,0.09,,2008-06-01,,
3459,10,DRREDDY,Pharmaceuticals,"840,932,410",11265,0.46,0.45,0.2,2.26,-6.21,0.08,,2008-06-01,,
3460,11,GAIL,Gas,"8,456,516,000",28173,1.16,0.98,0.45,3.16,-16.8,0.11,,2008-06-01,,
3461,12,GRASIM,Cement & Cement Products,"916,742,280",16960,0.7,0.74,0.49,1.89,-16.73,0.09,,2008-06-01,,
3462,13,HCLTECH,Computers - Software,"1,332,024,680",16820,0.69,0.89,0.36,3.39,-19.72,0.13,,2008-06-01,,
3463,14,HDFC,Finance - Housing,"2,842,102,400",55843,2.29,0.92,0.4,3.54,-23.63,0.08,,2008-06-01,,
3464,15,HDFCBANK,Banks,"3,547,328,200",35736,1.47,0.97,0.5,3.17,-26.4,0.09,,2008-06-01,,
3465,16,HEROHONDA,Automohiles - 2 and 3 wheelers,"399,375,000",13824,0.57,0.43,0.15,3.1,-7.22,0.12,,2008-06-01,,
3466,17,HINDALCO,Aluminium,"1,227,185,338",17463,0.72,1.25,0.52,2.91,-26.0,0.11,,2008-06-01,,
3467,18,HINDUNILVR,Diversified,"2,178,275,926",45123,1.85,0.57,0.25,1.93,-12.63,0.09,,2008-06-01,,
3468,19,ICICIBANK,Banks,"11,123,635,220",70101,2.88,1.14,0.56,2.75,-20.09,0.09,,2008-06-01,,
3469,20,IDEA,Telecommunication - Services,"26,353,605,390",24614,1.01,0.77,0.3,3.19,-14.23,0.11,,2008-06-01,,
3470,21,INFOSYSTCH,Computers - Software,"2,860,803,295",99373,4.08,0.65,0.28,2.55,-11.51,0.06,,2008-06-01,,
3471,22,ITC,Cigarettes,"3,768,610,050",70774,2.91,0.68,0.32,2.25,-13.75,0.09,,2008-06-01,,
3472,23,LT,Engineering,"584,811,524",63882,2.62,1.05,0.52,2.7,-26.75,0.07,,2008-06-01,,
3473,24,M&M,Automobile - 4 wheelers,"2,457,418,130",12006,0.49,0.73,0.36,2.61,-17.22,0.11,,2008-06-01,,
3474,25,MARUTI,Automobile - 4 wheelers,"1,444,550,300",17813,0.73,0.66,0.32,2.7,-19.2,0.1,,2008-06-01,,
3475,26,NATIONALUM,Aluminium,"6,443,096,280",22628,0.93,0.86,0.2,4.19,-34.81,0.18,,2008-06-01,,
3476,27,NTPC,Power,"82,454,644,000",125249,5.15,1.19,0.62,2.49,-11.87,0.1,,2008-06-01,,
3477,28,ONGC,Oil Exploration,"21,388,725,300",174329,7.16,1.04,0.56,3.61,-5.8,0.1,,2008-06-01,,
3478,29,PNB,Banks,"3,153,025,000",11769,0.48,1.0,0.48,2.66,-23.37,0.09,,2008-06-01,,
3479,30,POWERGRID,Power,"42,088,412,300",33039,1.36,1.13,0.49,2.64,-20.39,0.11,,2008-06-01,,
3480,31,RANBAXY,Pharmaceuticals,"1,866,189,350",19522,0.8,0.6,0.26,3.53,-0.99,0.07,,2008-06-01,,
3481,32,RCOM,Telecommunication - Services,"10,320,134,405",91395,3.75,1.15,0.61,2.94,-23.25,0.09,,2008-06-01,,
3482,33,RELINFRA,Power,"2,334,732,640",18294,0.75,1.76,0.58,4.47,-36.31,0.08,,2008-06-01,,
3483,34,RELIANCE,Refineries,"14,536,486,010",304561,12.51,1.12,0.74,2.98,-12.83,0.07,,2008-06-01,,
3484,35,RPL,Refineries,"45,000,000,000",76748,3.15,1.31,0.5,2.45,-2.38,0.08,,2008-06-01,,
3485,36,SAIL,Steel & Steel Products,"41,304,005,450",57619,2.37,1.45,0.62,3.04,-13.89,0.1,,2008-06-01,,
3486,37,SATYAMCOMP,Computers - Software,"1,344,401,600",29365,1.21,0.65,0.25,2.42,-16.55,0.07,,2008-06-01,,
3487,38,SBIN,Banks,"6,348,802,220",70573,2.9,0.99,0.56,2.72,-23.07,0.09,,2008-06-01,,
3488,39,SIEMENS,Electrical Equipment,"674,320,400",13019,0.53,0.91,0.4,2.93,-31.0,0.11,,2008-06-01,,
3489,40,STER,Metals,"1,416,971,700",49438,2.03,1.22,0.5,2.96,-25.49,0.1,,2008-06-01,,
3490,41,SUNPHARMA,Pharmaceuticals,"1,035,581,955",29016,1.19,0.38,0.11,3.05,-0.12,0.09,,2008-06-01,,
3491,42,SUZLON,Electrical Equipment,"2,993,898,800",32327,1.33,1.06,0.36,4.3,-22.15,0.1,,2008-06-01,,
3492,43,TATACOMM,Telecommunication - Services,"2,850,000,000",10622,0.44,1.05,0.35,3.75,-26.81,0.14,,2008-06-01,,
3493,44,TATAMOTORS,Automobile - 4 wheelers,"3,856,187,230",16429,0.67,0.75,0.44,2.69,-25.99,0.1,,2008-06-01,,
3494,45,TATAPOWER,Power,"2,207,807,020",23337,0.96,1.24,0.4,3.65,-21.99,0.11,,2008-06-01,,
3495,46,TATASTEEL,Steel & Steel Products,"7,307,674,270",53262,2.19,1.11,0.52,2.89,-19.27,0.08,,2008-06-01,,
3496,47,TCS,Computers - Software,"978,610,498",83984,3.45,0.74,0.36,2.4,-17.41,0.09,,2008-06-01,,
3497,48,UNITECH,Construction,"3,246,750,000",27825,1.14,1.57,0.55,4.58,-26.34,0.09,,2008-06-01,,
3498,49,WIPRO,Computers - Software,"2,923,735,062",64315,2.64,0.74,0.34,3.48,-13.61,0.12,,2008-06-01,,
3499,50,ZEEL,Media & Entertainment,"433,952,783",8679,0.36,0.73,0.3,3.08,-12.4,0.12,,2008-06-01,,
5350,1,ABB,Electrical Equipment,"423,816,750",21691,0.74,0.83,0.45,1.44,-10.29,0.09,,2008-05-01,,
5351,2,ACC,Cement & Cement Products,"1,876,394,930",12409,0.42,0.77,0.32,1.69,-12.83,0.06,,2008-05-01,,
5352,3,AMBUJACEM,Cement & Cement Products,"3,044,972,970",14479,0.49,0.37,0.15,2.75,-16.36,0.09,,2008-05-01,,
5353,4,BHARTIARTL,Telecommunication - Services,"18,979,273,960",166249,5.67,0.77,0.34,2.37,-2.48,0.06,,2008-05-01,,
5354,5,BHEL,Electrical Equipment,"4,895,200,000",81410,2.77,1.09,0.52,2.34,-12.57,0.06,,2008-05-01,,
5355,6,BPCL,Refineries,"3,615,421,240",12903,0.44,0.7,0.19,2.64,-12.82,0.1,,2008-05-01,,
5356,7,CAIRN,Oil Exploration,"18,944,297,380",54266,1.85,0.95,0.35,4.41,15.43,0.08,,2008-05-01,,
5357,8,CIPLA,Pharmaceuticals,"1,554,582,714",16486,0.56,0.49,0.21,1.68,-0.42,0.08,,2008-05-01,,
5358,9,DLF,Construction,"3,409,665,360",100048,3.41,1.29,0.55,1.93,-16.78,0.07,,2008-05-01,,
5359,10,DRREDDY,Pharmaceuticals,"840,918,060",12011,0.41,0.46,0.21,2.92,14.63,0.08,,2008-05-01,,
5360,11,GAIL,Gas,"8,456,516,000",33860,1.15,0.96,0.41,1.79,-9.02,0.08,,2008-05-01,,
5361,12,GRASIM,Cement & Cement Products,"916,742,280",20368,0.69,0.77,0.49,1.44,-7.61,0.06,,2008-05-01,,
5362,13,HCLTECH,Computers - Software,"1,330,682,840",20932,0.71,0.85,0.35,2.01,9.07,0.1,,2008-05-01,,
5363,14,HDFC,Finance - Housing,"2,841,509,430",73108,2.49,0.91,0.4,2.52,-8.11,0.07,,2008-05-01,,
5364,15,HDFCBANK,Banks,"3,545,084,200",48522,1.65,0.94,0.49,1.96,-10.2,0.07,,2008-05-01,,
5365,16,HEROHONDA,Automohiles - 2 and 3 wheelers,"399,375,000",14900,0.51,0.42,0.15,1.59,-12.38,0.08,,2008-05-01,,
5366,17,HINDALCO,Aluminium,"1,227,185,338",23599,0.8,1.25,0.5,3.28,-0.8,0.08,,2008-05-01,,
5367,18,HINDUNILVR,Diversified,"2,178,192,346",51645,1.76,0.56,0.24,1.37,-5.25,0.07,,2008-05-01,,
5368,19,ICICIBANK,Banks,"11,120,866,690",87699,2.99,1.14,0.55,2.58,-10.35,0.06,,2008-05-01,,
5369,20,IDEA,Telecommunication - Services,"26,353,605,390",28699,0.98,0.78,0.3,2.1,3.17,0.07,,2008-05-01,,
5370,21,INFOSYSTCH,Computers - Software,"2,860,803,295",112304,3.83,0.63,0.27,2.18,11.96,0.06,,2008-05-01,,
5371,22,ITC,Cigarettes,"3,768,610,050",82061,2.8,0.68,0.31,2.6,-0.98,0.07,,2008-05-01,,
5372,23,LT,Engineering,"584,654,780",87191,2.97,1.05,0.5,2.83,-0.69,0.06,,2008-05-01,,
5373,24,M&M,Automobile - 4 wheelers,"2,457,418,130",14502,0.49,0.73,0.35,2.01,-11.94,0.08,,2008-05-01,,
5374,25,MARUTI,Automobile - 4 wheelers,"1,444,550,300",22045,0.75,0.65,0.31,2.19,2.82,0.07,,2008-05-01,,
5375,26,NATIONALUM,Aluminium,"6,443,096,280",34712,1.18,0.81,0.19,2.52,19.96,0.12,,2008-05-01,,
5376,27,NTPC,Power,"82,454,644,000",142111,4.84,1.21,0.62,1.24,-12.4,0.06,,2008-05-01,,
5377,28,ONGC,Oil Exploration,"21,388,725,300",185055,6.31,1.06,0.59,1.73,-16.25,0.07,,2008-05-01,,
5378,29,PNB,Banks,"3,153,025,000",15357,0.52,1.03,0.49,3.22,-11.51,0.07,,2008-05-01,,
5379,30,POWERGRID,Power,"42,088,412,300",41499,1.41,1.14,0.49,1.54,-6.58,0.08,,2008-05-01,,
5380,31,RANBAXY,Pharmaceuticals,"1,866,189,350",19718,0.67,0.62,0.29,2.0,10.12,0.06,,2008-05-01,,
5381,32,RCOM,Telecommunication - Services,"10,320,134,405",119084,4.06,1.17,0.62,2.51,-0.16,0.06,,2008-05-01,,
5382,33,RELINFRA,Power,"2,344,917,110",28848,0.98,1.72,0.55,3.08,-14.0,0.07,,2008-05-01,,
5383,34,RELIANCE,Refineries,"14,536,486,010",349384,11.91,1.13,0.77,2.13,-8.07,0.05,,2008-05-01,,
5384,35,RPL,Refineries,"45,000,000,000",78615,2.68,1.37,0.5,2.6,-13.21,0.07,,2008-05-01,,
5385,36,SAIL,Steel & Steel Products,"41,304,005,450",66912,2.28,1.48,0.62,2.49,-12.41,0.07,,2008-05-01,,
5386,37,SATYAMCOMP,Computers - Software,"1,342,744,882",35146,1.2,0.62,0.22,2.03,8.46,0.06,,2008-05-01,,
5387,38,SBIN,Banks,"6,348,802,220",91740,3.13,0.98,0.53,2.1,-18.58,0.06,,2008-05-01,,
5388,39,SIEMENS,Electrical Equipment,"674,320,400",18867,0.64,0.87,0.37,1.37,-2.14,0.08,,2008-05-01,,
5389,40,STER,Metals,"1,416,971,700",66350,2.26,1.25,0.5,3.07,8.54,0.08,,2008-05-01,,
5390,41,SUNPHARMA,Pharmaceuticals,"1,035,581,955",29052,0.99,0.39,0.12,2.45,-3.12,0.09,,2008-05-01,,
5391,42,SUZLON,Electrical Equipment,"2,993,898,800",41525,1.42,1.06,0.35,3.01,-3.41,0.08,,2008-05-01,,
5392,43,TATACOMM,Telecommunication - Services,"2,850,000,000",14512,0.49,1.02,0.34,1.93,2.14,0.1,,2008-05-01,,
5393,44,TATAMOTORS,Automobile - 4 wheelers,"3,855,039,540",22193,0.76,0.74,0.42,2.6,-13.36,0.07,,2008-05-01,,
5394,45,TATAPOWER,Power,"2,207,016,300",29904,1.02,1.23,0.38,2.39,-2.94,0.08,,2008-05-01,,
5395,46,TATASTEEL,Steel & Steel Products,"7,307,674,270",65974,2.25,1.11,0.5,1.93,10.33,0.06,,2008-05-01,,
5396,47,TCS,Computers - Software,"978,610,498",101692,3.47,0.72,0.34,2.83,12.83,0.07,,2008-05-01,,
5397,48,UNITECH,Construction,"3,246,750,000",37776,1.29,1.55,0.53,2.88,-24.89,0.08,,2008-05-01,,
5398,49,WIPRO,Computers - Software,"2,923,368,698",74436,2.54,0.7,0.31,1.72,4.19,0.09,,2008-05-01,,
5399,50,ZEEL,Media & Entertainment,"433,952,783",9907,0.34,0.71,0.29,2.06,6.81,0.07,,2008-05-01,,
5550,1,ACC,1877452660,9358,18,0.65,0.21,1.11,-0.87,0.09,,,2011-08-01,,
5551,2,AMBUJACEM,3063982222,9998,19,0.84,0.21,1.38,2.86,0.09,,,2011-08-01,,
5552,3,AXISBANK,4120335430,27781,53,1.38,0.56,2.63,-19.79,0.09,,,2011-08-01,,
5553,4,BAJAJ-AUTO,2893670200,21117,40,0.77,0.27,2.12,7.07,0.12,,,2011-08-01,,
5554,5,BHARTIARTL,18987650480,48725,92,0.74,0.23,1.49,-7.46,0.09,,,2011-08-01,,
5555,6,BHEL,4895200000,27942,53,0.85,0.35,2.0,-3.87,0.07,,,2011-08-01,,
5556,7,BPCL,3615421240,8717,16,0.69,0.21,1.24,2.55,0.08,,,2011-08-01,,
5557,8,CAIRN,19022929240,10157,19,0.66,0.22,2.55,-9.49,0.11,,,2011-08-01,,
5558,9,CIPLA,1605842714,14244,27,0.66,0.24,1.62,-8.45,0.09,,,2011-08-01,,
5559,10,DLF,3395150248,7138,13,1.36,0.39,3.8,-14.83,0.1,,,2011-08-01,,
5560,11,DRREDDY,847379160,18858,36,0.59,0.23,1.6,-5.68,0.11,,,2011-08-01,,
5561,12,GAIL,12684774000,18443,35,0.57,0.2,1.48,-10.95,0.11,,,2011-08-01,,
5562,13,GRASIM,917018380,13868,26,0.63,0.25,1.53,-0.5,0.11,,,2011-08-01,,
5563,14,HCLTECH,1377377048,10083,19,1.09,0.43,3.35,-15.58,0.11,,,2011-08-01,,
5564,15,HDFC,2940499850,87799,166,1.14,0.51,2.06,-3.82,0.09,,,2011-08-01,,
5565,16,HDFCBANK,4667711360,84509,160,1.05,0.57,1.95,-3.05,0.11,,,2011-08-01,,
5566,17,HEROMOTOCO,399375000,19579,37,0.44,0.05,1.74,14.94,0.07,,,2011-08-01,,
5567,18,HINDALCO,1914419297,19368,37,1.4,0.45,3.09,-10.6,0.09,,,2011-08-01,,
5568,19,HINDUNILVR,2160683560,32862,62,0.5,0.16,0.75,-1.11,0.07,,,2011-08-01,,
5569,20,ICICIBANK,11519613370,100595,190,1.36,0.63,2.19,-15.77,0.08,,,2011-08-01,,
5570,21,IDFC,14630078390,13464,25,1.47,0.52,2.9,-9.6,0.09,,,2011-08-01,,
5571,22,INFY,2870938460,112954,214,0.93,0.43,2.83,-15.6,0.07,,,2011-08-01,,
5572,23,ITC,7748944660,106650,202,0.71,0.29,1.63,-4.01,0.08,,,2011-08-01,,
5573,24,JINDALSTEL,934509595,20253,38,1.05,0.49,2.85,-11.39,0.1,,,2011-08-01,,
5574,25,JPASSOCIAT,4252866364,6935,13,1.77,0.5,3.97,-7.88,0.09,,,2011-08-01,,
5575,26,KOTAKBANK,3689449755,16347,31,1.16,0.45,2.22,-0.53,0.11,,,2011-08-01,,
5576,27,LT,1221099382,86253,163,1.17,0.54,2.25,-6.76,0.09,,,2011-08-01,,
5577,28,M&M,3069874195,34054,64,1.14,0.4,2.34,2.41,0.08,,,2011-08-01,,
5578,29,MARUTI,1444550300,14440,27,0.78,0.3,1.91,-9.54,0.08,,,2011-08-01,,
5579,30,NTPC,82454644000,21638,41,0.73,0.32,1.55,-3.86,0.09,,,2011-08-01,,
5580,31,ONGC,42777450600,35519,67,0.56,0.16,1.82,-2.21,0.08,,,2011-08-01,,
5581,32,PNB,3168121570,12369,23,0.93,0.42,1.79,-17.29,0.11,,,2011-08-01,,
5582,33,POWERGRID,46297253530,14185,27,0.54,0.24,1.55,-4.66,0.08,,,2011-08-01,,
5583,34,RANBAXY,2107534630,7214,14,0.85,0.25,2.04,-12.43,0.09,,,2011-08-01,,
5584,35,RCOM,10320134405,5277,10,1.36,0.26,4.32,-21.66,0.11,,,2011-08-01,,
5585,36,RELCAPITAL,2456328000,4328,8,1.42,0.38,4.31,-33.25,0.1,,,2011-08-01,,
5586,37,RELIANCE,32742743160,132000,250,1.01,0.52,2.14,-5.48,0.09,,,2011-08-01,,
5587,38,RELINFRA,2653702620,6010,11,1.21,0.24,3.98,-19.31,0.11,,,2011-08-01,,
5588,39,RPOWER,28051264660,4660,9,1.11,0.33,3.16,-24.21,0.1,,,2011-08-01,,
5589,40,SAIL,41304005450,6320,12,1.11,0.38,3.2,-14.6,0.09,,,2011-08-01,,
5590,41,SBIN,6349989910,50883,96,1.22,0.52,1.86,-15.82,0.06,,,2011-08-01,,
5591,42,SESAGOA,869101423,9128,17,1.12,0.31,3.48,-14.91,0.09,,,2011-08-01,,
5592,43,SIEMENS,680589800,7533,14,0.54,0.13,1.16,-4.21,0.09,,,2011-08-01,,
5593,44,STER,3361568684,18128,34,1.24,0.43,2.18,-19.47,0.1,,,2011-08-01,,
5594,45,SUNPHARMA,1035581955,18472,35,0.67,0.21,1.81,-5.13,0.08,,,2011-08-01,,
5595,46,TATAMOTORS,5382725080,26036,49,1.38,0.44,3.39,-21.71,0.07,,,2011-08-01,,
5596,47,TATAPOWER,2373072360,16908,32,0.64,0.25,2.18,-18.46,0.1,,,2011-08-01,,
5597,48,TATASTEEL,9592144500,31190,59,1.22,0.55,2.91,-16.92,0.08,,,2011-08-01,,
5598,49,TCS,1957220996,52892,100,1.05,0.42,3.29,-8.32,0.07,,,2011-08-01,,
5599,50,WIPRO,4911647692,17046,32,0.88,0.38,2.14,-13.88,0.1,,,2011-08-01,,
